"","metrics","xgb.default.pred","xgb_woe.default.pred","xgb_woe_ef.default","xgb.pca.pred","xgb_woe_ew.default","xgb_woe.param1.pred","meta.rf","meta.lr","rf.woe"
"1","AUC",0.668868692586823,0.665166770900505,0.666214983324611,0.649917103107886,0.664904444347759,0.666247401952337,0.628232656732975,0.669801267431621,0.668868692586823
"2","hmeasure",0.087476434450029,0.0820442380800246,0.0833264536587713,0.0715807534524132,0.0824700397139325,0.0831507862416139,0.0529462159479048,0.0873722741162609,0.087476434450029
"3","cutoff",0.199398875236511,0.232046663761139,0.228559732437134,0.223512709140778,0.216813445091248,0.238322496414185,0.268,0.201119483973528,0.199398875236511
"4","avg_return",0.861218195836546,0.835389360061681,0.842521202775636,0.802235929067078,0.839340786430224,0.837991518889746,0.721472629144179,0.85929067077872,0.861218195836546
