"","metrics","xgb.default.pred","xgb_woe.default.pred","xgb_woe_ef.default","xgb_woe_ew.default","xgb.pca.pred","xgb.param1.pred","xgb_woe.param1.pred","rf.woe","pred.lr.woe","pred.lr.woe.ef","pred.lr.woe.ew","xgb.param2.pred","meta.rf","meta.lr","lr.woe","meta4.lr","meta4.xgb","meta4.rf","meta4.xgb.p2","meta4.lr.train","meta4.rf.train","meta4.xgb.train","meta4.xgb.param2.train"
"1","AUC",0.651038002449146,0.647083478953165,0.64894505453798,0.649357182698815,0.636920798702129,0.652457055686947,0.649085335397264,0.620372697701125,0.630194452954749,0.630194452954749,0.629633511700547,0.654193532323655,0.628232656732975,0.669801267431621,0.635190569272318,0.670550329144778,0.67214719721974,0.621249100967953,0.671556521923013,0.670151886891742,0.622156609863478,0.669483795790476,0.680758125560414
"2","hmeasure",0.0713148075018627,0.070356808080234,0.0719626068749587,0.0751764143186533,0.0591080925236096,0.0752203684913469,0.0724064827718209,0.0507264514532758,0.055861697456861,0.055861697456861,0.0554824224168318,0.0761103001706653,0.0529462159479048,0.0873722741162609,0.0598710676485321,0.0874845903175135,0.0890775420472871,0.0439960680313222,0.0884654407619254,0.0868548331470622,0.0516812664232223,0.087056749131124,0.0984773160521526
"3","cutoff",0.225790858268738,0.239274919033051,0.246317267417908,0.256953537464142,0.21685117483139,0.236607730388641,0.234616339206696,0.254,0.216105315225438,0.216105315225438,0.221840921166208,0.222417831420898,0.268,0.201119483973528,0.227983659151088,0.198729647262547,0.345504343509674,0.252,0.258169889450073,0.174892699657994,0.254,0.181005895137787,0.234264850616455
"4","avg_return",0.794372711505107,0.78637502408942,0.78965118519946,0.787531316245905,0.743977645018308,0.792156484871844,0.78637502408942,0.761225669685874,0.73270379649258,0.73270379649258,0.730873000578146,0.796974368857198,0.721472629144179,0.85929067077872,0.763878180416345,0.861700077101002,0.877794911333847,0.716075558982267,0.85254433307633,0.847725520431766,0.750578257517348,0.867579028527371,0.882806476484194
